image_id,observation_id,observer_label,observer_alternative_labels,observer_bbox,observer_bbox_area,observer_bbox_valid,observer_confidence,observer_entity_type,verifier_independent_label,verifier_independent_alternative_labels,verifier_confidence,verification_status,verifier_notes,matches_a1,a1_matching_labels,a1_salient,matches_a2,a2_matching_labels,a2_salient,bucket_a1,bucket_a2,heuristic_failure_category
h38,h38_c00,sun,sun drawing; yellow sun,"[0.0, 0.0, 0.24, 0.292]",0.07008,True,0.98,object,sun,drawing of a sun; yellow sun,0.99,verified,"Independent verifier observation: 'sun' (alternatives: ['drawing of a sun', 'yellow sun'])",True,Sun with rays,True,True,sun,True,1_true_kept_verified,1_true_kept_verified,
h38,h38_c01,cloud,blue cloud; sky cloud,"[0.292, 0.058, 0.2, 0.116]",0.0232,True,0.95,object,cloud,water; smoke; sky,0.95,verified,"Independent verifier observation: 'cloud' (alternatives: ['water', 'smoke', 'sky'])",True,2 clouds,True,True,clouds,True,1_true_kept_verified,1_true_kept_verified,
h38,h38_c02,cloud,blue cloud; sky cloud,"[0.612, 0.056, 0.207, 0.108]",0.02236,True,0.95,object,cloud,smoke; water; wave,0.8,verified,"Independent verifier observation: 'cloud' (alternatives: ['smoke', 'water', 'wave'])",True,2 clouds,True,True,clouds,True,1_true_kept_verified,1_true_kept_verified,
h38,h38_c03,butterfly,drawn butterfly; purple butterfly,"[0.123, 0.298, 0.082, 0.138]",0.01132,True,0.94,object,butterfly,insect; drawing of a butterfly,0.98,verified,"Independent verifier observation: 'butterfly' (alternatives: ['insect', 'drawing of a butterfly'])",False,,,False,,,4_false_kept_verified,4_false_kept_verified,
h38,h38_c04,butterfly,red butterfly; drawn butterfly,"[0.312, 0.21, 0.081, 0.132]",0.01069,True,0.94,object,butterfly,insect; moth; drawing,0.95,verified,"Independent verifier observation: 'butterfly' (alternatives: ['insect', 'moth', 'drawing'])",False,,,False,,,4_false_kept_verified,4_false_kept_verified,
h38,h38_c05,butterfly,large butterfly; pink butterfly,"[0.463, 0.174, 0.132, 0.188]",0.02482,True,0.96,object,butterfly,insect; drawing; sketch,0.99,verified,"Independent verifier observation: 'butterfly' (alternatives: ['insect', 'drawing', 'sketch'])",False,,,False,,,4_false_kept_verified,4_false_kept_verified,
h38,h38_c06,butterfly,yellow butterfly; small butterfly,"[0.653, 0.21, 0.08, 0.122]",0.00976,True,0.93,object,butterfly,insect; drawing of a butterfly,0.95,verified,"Independent verifier observation: 'butterfly' (alternatives: ['insect', 'drawing of a butterfly'])",False,,,False,,,4_false_kept_verified,4_false_kept_verified,
h38,h38_c07,butterfly,blue butterfly; small butterfly,"[0.51, 0.394, 0.063, 0.112]",0.00706,True,0.93,object,butterfly,insect; moth,0.95,verified,"Independent verifier observation: 'butterfly' (alternatives: ['insect', 'moth'])",False,,,False,,,4_false_kept_verified,4_false_kept_verified,
h38,h38_c08,traffic light,stoplight; traffic signal,"[0.88, 0.302, 0.083, 0.598]",0.04963,True,0.97,object,traffic light,traffic signal; stoplight,1.0,verified,"Independent verifier observation: 'traffic light' (alternatives: ['traffic signal', 'stoplight'])",True,traffic light,True,True,Traffic light,True,1_true_kept_verified,1_true_kept_verified,
h38,h38_c09,car,yellow car; toy car; automobile,"[0.82, 0.344, 0.535, 0.598]",0.31993,True,0.98,object,,,,unreviewed,Bbox present but a crop could not be produced from this image -- not guessed.,True,car; 2 girls inside car; red hearts on car,True,True,Car,True,2_true_removed,2_true_removed,no_bbox_never_reviewed
h38,h38_c10,ground,road; dirt road; orange ground,"[0.0, 0.88, 1.0, 0.12]",0.12,True,0.92,object,ground,dirt; earth; soil; road,0.95,verified,"Independent verifier observation: 'ground' (alternatives: ['dirt', 'earth', 'soil', 'road'])",True,ground,True,False,,,1_true_kept_verified,4_false_kept_verified,
p2b_0001,p2b_0001_c00,house,building; home,"[0.0, 4e-11, 0.65, 1.0]",0.65,True,0.95,object,house,building; hut; cottage,0.95,verified,"Independent verifier observation: 'house' (alternatives: ['building', 'hut', 'cottage'])",True,big house,True,True,house,True,1_true_kept_verified,1_true_kept_verified,
p2b_0001,p2b_0001_c01,roof,house roof,"[0.0, 4e-11, 0.65, 0.7018]",0.45617,True,0.95,object,roof,tent; triangle,0.95,verified,"Independent verifier observation: 'roof' (alternatives: ['tent', 'triangle'])",False,,,False,,,4_false_kept_verified,4_false_kept_verified,
p2b_0001,p2b_0001_c02,flower,orange flower; plant,"[0.6853, 0.4907, 0.1873, 0.5093]",0.09539,True,0.9,object,flower,plant; drawing of a flower,0.95,verified,"Independent verifier observation: 'flower' (alternatives: ['plant', 'drawing of a flower'])",True,flowers,True,True,flowers,True,1_true_kept_verified,1_true_kept_verified,
p2b_0001,p2b_0001_c03,flower,blue flower; plant,"[0.9067, 0.6385, 0.0933, 0.3615]",0.03373,True,0.85,object,unknown,,,uncertain,Independent verifier observation: 'unknown' (alternatives: []),True,flowers,True,True,flowers,True,2_true_removed,2_true_removed,verifier_visual_miss
p2b_0001,p2b_0001_c04,sun,sun rays; yellow sun,"[0.772, 0.0, 0.228, 0.274]",0.06247,True,0.9,object,unknown,,,uncertain,Independent verifier observation: 'unknown' (alternatives: []),True,sun with rays,True,True,sun,True,2_true_removed,2_true_removed,verifier_visual_miss
p2b_0001,p2b_0001_c05,window,left window,"[0.0, 0.7633, 0.1653, 0.2367]",0.03913,True,0.85,object,unknown,,,uncertain,Independent verifier observation: 'unknown' (alternatives: []),False,,,True,windows,True,3_false_removed,2_true_removed,verifier_visual_miss
p2b_0001,p2b_0001_c06,window,right window,"[0.28, 0.7607, 0.1813, 0.2393]",0.04339,True,0.85,object,french fries,fries; chips,0.85,rejected,"Independent verifier observation: 'french fries' (alternatives: ['fries', 'chips'])",False,,,True,windows,True,3_false_removed,2_true_removed,verifier_visual_miss
p2b_0002,p2b_0002_c00,fallen tree trunk and branches,tree trunk; log; bare tree,"[0.0, 0.0, 1.0, 1.0]",1.0,True,0.95,object,tree,branches; tree trunk; plant,0.8,verified,"Independent verifier observation: 'tree' (alternatives: ['branches', 'tree trunk', 'plant'])",True,large tree trunk; tree branches,True,True,tree branches,True,1_true_kept_verified,1_true_kept_verified,
p2b_0002,p2b_0002_c01,main diagonal tree trunk,log; fallen trunk,"[0.0, 0.004, 1.0, 0.996]",0.996,True,0.92,object,tree,branches; tree trunk; plant,0.85,verified,"Independent verifier observation: 'tree' (alternatives: ['branches', 'tree trunk', 'plant'])",True,large tree trunk; tree branches,True,True,tree branches,True,1_true_kept_verified,1_true_kept_verified,
p2b_0002,p2b_0002_c02,vertical branch with split tip,branch; twigs,"[0.28, 0.0, 0.11, 0.51]",0.0561,True,0.88,object,unknown,lines; abstract sketch; pencil stroke,0.0,uncertain,"Independent verifier observation: 'unknown' (alternatives: ['lines', 'abstract sketch', 'pencil stroke'])",False,,,False,,,3_false_removed,3_false_removed,
p2b_0002,p2b_0002_c03,top right branch with fork,branch; twigs,"[0.58, 0.0, 0.12, 0.16]",0.0192,True,0.85,object,unknown,,,uncertain,Independent verifier observation: 'unknown' (alternatives: []),False,,,False,,,3_false_removed,3_false_removed,
p2b_0002,p2b_0002_c04,long horizontal right branch,branch; twigs,"[0.47, 0.226, 0.53, 0.3]",0.159,True,0.9,object,unknown,,,uncertain,Independent verifier observation: 'unknown' (alternatives: []),False,,,False,,,3_false_removed,3_false_removed,
p2b_0002,p2b_0002_c05,bottom right branching twigs,small tree; branches; twigs,"[0.71, 0.51, 0.29, 0.49]",0.1421,True,0.86,object,grass,blades of grass; leaves; stems,0.7,rejected,"Independent verifier observation: 'grass' (alternatives: ['blades of grass', 'leaves', 'stems'])",False,,,False,,,3_false_removed,3_false_removed,
p2b_0002,p2b_0002_c06,hollow or knot on trunk,tree knot; bark detail,"[0.22, 0.67, 0.09, 0.16]",0.0144,True,0.8,object,unknown,abstract pixels; noise,0.0,uncertain,"Independent verifier observation: 'unknown' (alternatives: ['abstract pixels', 'noise'])",True,large tree trunk,True,False,,,2_true_removed,3_false_removed,verifier_visual_miss
p2b_0002,p2b_0002_c07,background structure or ground contour,rock; hill; ground,"[0.31, 0.67, 0.37, 0.33]",0.1221,True,0.72,object,finger,hand; thumb; toe,0.6,rejected,"Independent verifier observation: 'finger' (alternatives: ['hand', 'thumb', 'toe'])",False,,,True,Background texture,False,3_false_removed,2_true_removed,verifier_visual_miss
p2b_0002,p2b_0002_c08,dotted texture specks,stippling; snow particles; dirt marks,"[0.09, 0.17, 0.88, 0.45]",0.396,True,0.75,decorative_mark,tree branches,wooden sticks; tree limbs,0.85,rejected,"Independent verifier observation: 'tree branches' (alternatives: ['wooden sticks', 'tree limbs'])",False,,,True,Background texture,False,3_false_removed,2_true_removed,bad_bbox_or_crop_construction
p2b_0003,p2b_0003_c00,green face circle,green circle; head; face,"[0.198, 0.233, 0.584, 0.531]",0.3101,True,0.95,geometric_shape,crying face drawing,sad face; smiley face,0.95,verified,"Independent verifier observation: 'crying face drawing' (alternatives: ['sad face', 'smiley face'])",True,sad face,True,True,Face,True,1_true_kept_verified,1_true_kept_verified,
p2b_0003,p2b_0003_c01,left eye,eye,"[0.309, 0.364, 0.11, 0.15]",0.0165,True,0.9,object,eye,cartoon eye; drawn eye,0.95,verified,"Independent verifier observation: 'eye' (alternatives: ['cartoon eye', 'drawn eye'])",True,eyes,True,False,,,1_true_kept_verified,4_false_kept_verified,
p2b_0003,p2b_0003_c02,right eye,eye,"[0.463, 0.347, 0.117, 0.158]",0.01849,True,0.9,object,eye,drawn eye; cartoon eye,0.95,verified,"Independent verifier observation: 'eye' (alternatives: ['drawn eye', 'cartoon eye'])",True,eyes,True,False,,,1_true_kept_verified,4_false_kept_verified,
p2b_0003,p2b_0003_c03,frowning mouth,mouth; sad mouth,"[0.358, 0.569, 0.187, 0.124]",0.02319,True,0.9,object,unknown,,,uncertain,Independent verifier observation: 'unknown' (alternatives: []),True,downturned mouth,True,False,,,2_true_removed,3_false_removed,verifier_visual_miss
p2b_0003,p2b_0003_c04,left teardrop line,tear; crying line,"[0.303, 0.505, 0.052, 0.093]",0.00484,True,0.85,scribble,unknown,line; stroke,0.0,uncertain,"Independent verifier observation: 'unknown' (alternatives: ['line', 'stroke'])",True,tear-like lines,True,True,Tears,True,2_true_removed,2_true_removed,verifier_visual_miss
p2b_0003,p2b_0003_c05,right teardrop line,tear; crying line,"[0.528, 0.504, 0.08, 0.183]",0.01464,True,0.85,scribble,unknown,,,uncertain,Independent verifier observation: 'unknown' (alternatives: []),True,tear-like lines,True,True,Tears,True,2_true_removed,2_true_removed,verifier_visual_miss
p2b_0003,p2b_0003_c06,left eyebrow,eyebrow,"[0.308, 0.34, 0.097, 0.076]",0.00737,True,0.85,object,eyebrow,brow; line,0.95,verified,"Independent verifier observation: 'eyebrow' (alternatives: ['brow', 'line'])",True,eyes,True,False,,,1_true_kept_verified,4_false_kept_verified,
p2b_0003,p2b_0003_c07,right eyebrow,eyebrow,"[0.485, 0.343, 0.115, 0.079]",0.00909,True,0.85,object,unknown,,0.0,uncertain,Independent verifier observation: 'unknown' (alternatives: []),True,eyes,True,False,,,2_true_removed,3_false_removed,verifier_visual_miss
p2b_0003,p2b_0003_c08,pink watercolor background aura,paint splash; pink wash; hair or aura,"[0.031, 0.05, 0.956, 0.749]",0.71604,True,0.9,abstract_mark,drawing of a sad face,crying face sketch; children's drawing; sad emoji drawing,0.95,rejected,"Independent verifier observation: 'drawing of a sad face' (alternatives: ['crying face sketch', ""children's drawing"", 'sad emoji drawing'])",True,pink-purple area around head,True,True,Background colors,True,2_true_removed,2_true_removed,bad_bbox_or_crop_construction
p2b_0003,p2b_0003_c09,neck and torso,neck; body,"[0.203, 0.757, 0.551, 0.243]",0.13389,True,0.85,object,neck,torso; shirt,0.8,verified,"Independent verifier observation: 'neck' (alternatives: ['torso', 'shirt'])",True,neck,False,True,Neck,True,1_true_kept_verified,1_true_kept_verified,
p2b_0003,p2b_0003_c10,blue ink scribbles,blue paint lines; scribbles,"[0.756, 0.038, 0.165, 0.25]",0.04125,True,0.8,scribble,unknown,,0.0,uncertain,Independent verifier observation: 'unknown' (alternatives: []),True,blue marks,False,False,,,2_true_removed,3_false_removed,verifier_visual_miss
p2b_0004,p2b_0004_c00,cloud,blue cloud; sky element,"[0.0031, 0.0031, 0.125, 0.3012]",0.03765,True,0.88,object,unknown,abstract; pixelated colors,0.0,uncertain,"Independent verifier observation: 'unknown' (alternatives: ['abstract', 'pixelated colors'])",False,,,True,Clouds,True,3_false_removed,2_true_removed,verifier_visual_miss
p2b_0004,p2b_0004_c01,sun,sun with face; yellow sun,"[0.2468, 0.0031, 0.2875, 0.3642]",0.10471,True,0.95,object,unknown,,,uncertain,Independent verifier observation: 'unknown' (alternatives: []),False,,,True,Sun,True,3_false_removed,2_true_removed,verifier_visual_miss
p2b_0004,p2b_0004_c02,cloud,blue cloud; storm cloud,"[0.6031, 0.0031, 0.2469, 0.2198]",0.05427,True,0.9,object,unknown,,,uncertain,Independent verifier observation: 'unknown' (alternatives: []),False,,,True,Clouds,True,3_false_removed,2_true_removed,verifier_visual_miss
p2b_0004,p2b_0004_c03,lightning bolt,lightning streak; yellow lightning,"[0.6375, 0.2031, 0.1875, 0.3543]",0.06643,True,0.85,symbol,unknown,,,uncertain,Independent verifier observation: 'unknown' (alternatives: []),False,,,True,Lightning bolts,True,3_false_removed,2_true_removed,verifier_visual_miss
p2b_0004,p2b_0004_c04,butterfly,purple butterfly; insect,"[0.3844, 0.5525, 0.1625, 0.3173]",0.05156,True,0.92,object,rabbit silhouette,bunny; Playboy logo,0.8,rejected,"Independent verifier observation: 'rabbit silhouette' (alternatives: ['bunny', 'Playboy logo'])",False,,,False,,,3_false_removed,3_false_removed,
p2b_0004,p2b_0004_c05,child figure,boy figure; person,"[0.0656, 0.6296, 0.3844, 0.3673]",0.14119,True,0.94,object,person,human; character; figure,0.95,verified,"Independent verifier observation: 'person' (alternatives: ['human', 'character', 'figure'])",False,,,False,,,4_false_kept_verified,4_false_kept_verified,
p2b_0004,p2b_0004_c06,child figure,girl figure; person with blue hair,"[0.3406, 0.6636, 0.5, 0.3333]",0.16665,True,0.93,object,drawing,sketch; artwork,0.8,rejected,"Independent verifier observation: 'drawing' (alternatives: ['sketch', 'artwork'])",False,,,False,,,3_false_removed,3_false_removed,
p2b_0004,p2b_0004_c07,child figure,girl figure; person,"[0.9062, 0.5895, 0.0906, 0.4074]",0.03691,True,0.87,object,unknown,,,uncertain,Independent verifier observation: 'unknown' (alternatives: []),False,,,False,,,3_false_removed,3_false_removed,
p2b_0005,p2b_0005_c00,King Pig,Angry Birds pig; green pig with crown,"[0.222, 0.165, 0.54, 0.742]",0.40068,True,0.98,object,King Pig from Angry Birds,Bad Piggy; Minion Pig; Angry Birds pig character,0.98,verified,"Independent verifier observation: 'King Pig from Angry Birds' (alternatives: ['Bad Piggy', 'Minion Pig', 'Angry Birds pig character'])",True,pig / pig-like face,True,True,Pig’s head,True,1_true_kept_verified,1_true_kept_verified,
p2b_0005,p2b_0005_c01,crown,pig crown; yellow crown,"[0.575, 0.165, 0.175, 0.237]",0.04147,True,0.95,object,crown,tiara; princess crown; queen crown,0.99,verified,"Independent verifier observation: 'crown' (alternatives: ['tiara', 'princess crown', 'queen crown'])",True,crown,True,True,Crown,True,1_true_kept_verified,1_true_kept_verified,
p2b_0005,p2b_0005_c02,snout,pig nose; snout,"[0.375, 0.511, 0.252, 0.245]",0.06174,True,0.92,object,pig snout,nose; snout; oval shape,0.95,verified,"Independent verifier observation: 'pig snout' (alternatives: ['nose', 'snout', 'oval shape'])",True,snout / nose,True,False,,,1_true_kept_verified,4_false_kept_verified,
p2b_0005,p2b_0005_c03,left ear,pig ear,"[0.222, 0.383, 0.145, 0.125]",0.01812,True,0.88,object,avocado,fruit; half avocado,0.85,rejected,"Independent verifier observation: 'avocado' (alternatives: ['fruit', 'half avocado'])",True,ears,False,True,Ears,True,2_true_removed,2_true_removed,verifier_visual_miss
p2b_0005,p2b_0005_c04,right ear,pig ear,"[0.334, 0.255, 0.138, 0.127]",0.01753,True,0.88,object,ear,loop; petal,0.5,verified,"Independent verifier observation: 'ear' (alternatives: ['loop', 'petal'])",True,ears,False,True,Ears,True,1_true_kept_verified,1_true_kept_verified,
p2b_0005,p2b_0005_c05,left eye,eye,"[0.283, 0.584, 0.108, 0.122]",0.01318,True,0.9,object,eye,pupil; cartoon eye,0.85,verified,"Independent verifier observation: 'eye' (alternatives: ['pupil', 'cartoon eye'])",True,eyes,True,False,,,1_true_kept_verified,4_false_kept_verified,
p2b_0005,p2b_0005_c06,right eye,eye,"[0.602, 0.521, 0.111, 0.125]",0.01388,True,0.9,object,eye,cartoon eye; character eye,0.95,verified,"Independent verifier observation: 'eye' (alternatives: ['cartoon eye', 'character eye'])",True,eyes,True,False,,,1_true_kept_verified,4_false_kept_verified,
p2b_0012,p2b_0012_c00,hand-drawn face drawing,expressionist portrait drawing; graffiti style face artwork,"[0.0, 0.0, 1.0, 1.0]",1.0,True,0.95,object,drawing,painting; artwork,0.8,verified,"Independent verifier observation: 'drawing' (alternatives: ['painting', 'artwork'])",True,distorted human-like face,True,True,Face,True,1_true_kept_verified,1_true_kept_verified,
p2b_0012,p2b_0012_c01,left stylized eye,drawn eye; abstract eye element,"[0.24, 0.08, 0.23, 0.17]",0.0391,True,0.85,object,unknown,,,uncertain,Independent verifier observation: 'unknown' (alternatives: []),True,eyes / eye-like shapes,True,True,Eyes,True,2_true_removed,2_true_removed,verifier_visual_miss
p2b_0012,p2b_0012_c02,right stylized eye,drawn eye; abstract eye motif,"[0.65, 0.03, 0.25, 0.2]",0.05,True,0.85,object,unknown,abstract drawing; scribble,0.0,uncertain,"Independent verifier observation: 'unknown' (alternatives: ['abstract drawing', 'scribble'])",True,eyes / eye-like shapes,True,True,Eyes,True,2_true_removed,2_true_removed,verifier_visual_miss
p2b_0012,p2b_0012_c03,stylized mouth with large teeth,bared teeth drawing; open mouth drawing,"[0.4, 0.44, 0.58, 0.35]",0.203,True,0.9,object,mouth,teeth; jaw,0.95,verified,"Independent verifier observation: 'mouth' (alternatives: ['teeth', 'jaw'])",True,mouth; teeth,True,True,Teeth,True,1_true_kept_verified,1_true_kept_verified,
p2b_0012,p2b_0012_c04,bare tree drawing,tree silhouette; sketch of tree branches,"[0.47, 0.17, 0.32, 0.27]",0.0864,True,0.88,object,tree,bare tree; dead tree; plant,0.85,verified,"Independent verifier observation: 'tree' (alternatives: ['bare tree', 'dead tree', 'plant'])",False,,,False,,,4_false_kept_verified,4_false_kept_verified,
p2b_0012,p2b_0012_c05,text and handwriting margin area,handwritten notes on left; scrawled text column,"[0.0, 0.0, 0.3, 1.0]",0.3,True,0.85,text_like,abstract artwork,drawing; mixed media art; graffiti style sketch,0.85,rejected,"Independent verifier observation: 'abstract artwork' (alternatives: ['drawing', 'mixed media art', 'graffiti style sketch'])",True,handwritten text,False,True,Text scribbles,False,2_true_removed,2_true_removed,verifier_visual_miss
p2b_0012,p2b_0012_c06,handwritten text 'SPARA VA COLPO',handwritten Italian phrase at bottom; text inscription,"[0.03, 0.94, 0.62, 0.05]",0.031,True,0.75,text_like,handwriting,text; script; notes,0.95,verified,"Independent verifier observation: 'handwriting' (alternatives: ['text', 'script', 'notes'])",True,handwritten text,False,True,Text scribbles,False,1_true_kept_verified,1_true_kept_verified,
p2b_0019,p2b_0019_c00,house,building; home,"[0.03, 0.147, 0.347, 0.796]",0.27621,True,0.98,object,house,drawing of a house; children's drawing of a house,1.0,verified,"Independent verifier observation: 'house' (alternatives: ['drawing of a house', ""children's drawing of a house""])",True,house,True,True,House,False,1_true_kept_verified,1_true_kept_verified,
p2b_0019,p2b_0019_c01,roof,house roof,"[0.03, 0.147, 0.28, 0.392]",0.10976,True,0.95,object,house,drawing of a house; red roof and yellow walls,0.99,verified,"Independent verifier observation: 'house' (alternatives: ['drawing of a house', 'red roof and yellow walls'])",True,roof,False,False,,,1_true_kept_verified,4_false_kept_verified,
p2b_0019,p2b_0019_c02,window,house window,"[0.1, 0.522, 0.076, 0.133]",0.01011,True,0.9,object,window,building window; house window; rectangular window,0.95,verified,"Independent verifier observation: 'window' (alternatives: ['building window', 'house window', 'rectangular window'])",True,windows,False,False,,,1_true_kept_verified,4_false_kept_verified,
p2b_0019,p2b_0019_c03,window,house window,"[0.245, 0.648, 0.082, 0.142]",0.01164,True,0.9,object,window,letter i; monogram; logo,0.6,verified,"Independent verifier observation: 'window' (alternatives: ['letter i', 'monogram', 'logo'])",True,windows,False,False,,,1_true_kept_verified,4_false_kept_verified,
p2b_0019,p2b_0019_c04,sun,sun drawing,"[0.608, 0.003, 0.272, 0.332]",0.0903,True,0.98,object,sun,yellow circle with rays; drawing of a sun,0.99,verified,"Independent verifier observation: 'sun' (alternatives: ['yellow circle with rays', 'drawing of a sun'])",True,sun,True,True,Sun,True,1_true_kept_verified,1_true_kept_verified,
p2b_0019,p2b_0019_c05,sun rays,sunbeams; lines,"[0.608, 0.003, 0.272, 0.332]",0.0903,True,0.88,geometric_shape,sun,yellow circle; drawing of a sun,1.0,verified,"Independent verifier observation: 'sun' (alternatives: ['yellow circle', 'drawing of a sun'])",True,sun,True,True,Sun,True,1_true_kept_verified,1_true_kept_verified,
p2b_0019,p2b_0019_c06,woman figure,mother; stick figure woman,"[0.353, 0.387, 0.162, 0.458]",0.0742,True,0.95,object,drawing of a girl,sketch of a person; child drawing of a woman; stick figure,0.95,verified,"Independent verifier observation: 'drawing of a girl' (alternatives: ['sketch of a person', 'child drawing of a woman', 'stick figure'])",False,,,False,,,4_false_kept_verified,4_false_kept_verified,
p2b_0019,p2b_0019_c07,girl figure,daughter; stick figure girl,"[0.499, 0.57, 0.115, 0.292]",0.03358,True,0.93,object,drawing of a girl,child stick figure; stick figure with yellow dress,0.95,verified,"Independent verifier observation: 'drawing of a girl' (alternatives: ['child stick figure', 'stick figure with yellow dress'])",False,,,False,,,4_false_kept_verified,4_false_kept_verified,
p2b_0019,p2b_0019_c08,boy figure,son; stick figure boy,"[0.6, 0.615, 0.12, 0.28]",0.0336,True,0.92,object,stick figure,drawing of a child; cartoon person,1.0,verified,"Independent verifier observation: 'stick figure' (alternatives: ['drawing of a child', 'cartoon person'])",False,,,False,,,4_false_kept_verified,4_false_kept_verified,
p2b_0019,p2b_0019_c09,man figure,father; stick figure man,"[0.7, 0.463, 0.193, 0.505]",0.09747,True,0.96,object,stick figure,drawing; person,1.0,verified,"Independent verifier observation: 'stick figure' (alternatives: ['drawing', 'person'])",True,adult human figure; child human figure; child human figure; adult human figure,True,False,,,1_true_kept_verified,4_false_kept_verified,
p2b_0019,p2b_0019_c10,grassy hill,ground; grass; hill,"[0.158, 0.842, 0.634, 0.158]",0.10017,True,0.94,object,ground,grass; hill; earth,0.95,verified,"Independent verifier observation: 'ground' (alternatives: ['grass', 'hill', 'earth'])",True,grass / hill,False,True,Hill,True,1_true_kept_verified,1_true_kept_verified,
p2b_0019,p2b_0019_c11,UI arrow icon,left arrow button,"[0.0, 0.038, 0.021, 0.081]",0.0017,True,0.85,symbol,unknown,symbol; icon,0.0,uncertain,"Independent verifier observation: 'unknown' (alternatives: ['symbol', 'icon'])",False,,,False,,,3_false_removed,3_false_removed,
p2b_0019,p2b_0019_c12,UI menu icon,three dots icon,"[0.87, 0.02, 0.05, 0.085]",0.00425,True,0.85,symbol,button,clothing button; circular badge with holes,0.95,rejected,"Independent verifier observation: 'button' (alternatives: ['clothing button', 'circular badge with holes'])",False,,,False,,,3_false_removed,3_false_removed,
p2b_0019,p2b_0019_c13,UI arrow icon,right arrow button,"[0.93, 0.032, 0.05, 0.068]",0.0034,True,0.85,symbol,button,icon; arrow; chevron,0.85,verified,"Independent verifier observation: 'button' (alternatives: ['icon', 'arrow', 'chevron'])",False,,,False,,,4_false_kept_verified,4_false_kept_verified,
p2b_0026,p2b_0026_c00,yellow speech bubble shape,speech bubble; yellow shape; head shape,"[0.248, 0.0, 0.582, 0.373]",0.21709,True,0.88,geometric_shape,chloroplast,cell; organelle; mitochondria,0.6,rejected,"Independent verifier observation: 'chloroplast' (alternatives: ['cell', 'organelle', 'mitochondria'])",True,yellow object / shape,True,True,Yellow oval shape,True,2_true_removed,2_true_removed,verifier_visual_miss
p2b_0026,p2b_0026_c01,white circle eyes/dots,circles; eyes; dots,"[0.316, 0.147, 0.148, 0.183]",0.02708,True,0.82,geometric_shape,unknown,,,uncertain,Independent verifier observation: 'unknown' (alternatives: []),True,two white oval shapes; white background,True,True,White circles,True,2_true_removed,2_true_removed,verifier_visual_miss
p2b_0026,p2b_0026_c02,blue horizontal bars,blue stripes; horizontal rectangles,"[0.413, 0.147, 0.292, 0.157]",0.04584,True,0.79,geometric_shape,unknown,,,uncertain,Independent verifier observation: 'unknown' (alternatives: []),True,two blue elongated shapes,True,True,Blue elongated shapes,True,2_true_removed,2_true_removed,verifier_visual_miss
p2b_0033,p2b_0033_c00,hair,head hair; anime hair,"[0.061, 0.0, 0.73, 0.457]",0.33361,True,0.95,object,anime head,sketch of anime face; cartoon head; crying anime face,0.95,verified,"Independent verifier observation: 'anime head' (alternatives: ['sketch of anime face', 'cartoon head', 'crying anime face'])",True,hair; short curly hair,True,False,,,1_true_kept_verified,4_false_kept_verified,
p2b_0033,p2b_0033_c01,eyes,crying eyes; anime eyes,"[0.229, 0.198, 0.355, 0.207]",0.07348,True,0.9,object,face,eyes; expression,0.85,verified,"Independent verifier observation: 'face' (alternatives: ['eyes', 'expression'])",True,eyes,True,False,,,1_true_kept_verified,4_false_kept_verified,
p2b_0033,p2b_0033_c02,tears,tear tracks; tear lines,"[0.276, 0.323, 0.252, 0.103]",0.02596,True,0.85,object,mouth,lips; facial feature,0.8,rejected,"Independent verifier observation: 'mouth' (alternatives: ['lips', 'facial feature'])",False,,,True,Tears,True,3_false_removed,2_true_removed,bad_bbox_or_crop_construction
p2b_0033,p2b_0033_c03,crying anime boy,character; anime character; boy drawing,"[0.059, 0.0, 0.731, 1.0]",0.731,True,0.95,object,cartoon character,drawing of a boy; anime character,0.95,verified,"Independent verifier observation: 'cartoon character' (alternatives: ['drawing of a boy', 'anime character'])",True,girl crying,True,False,,,1_true_kept_verified,4_false_kept_verified,
p2b_0033,p2b_0033_c04,teddy bear,stuffed toy; plushie,"[0.264, 0.468, 0.231, 0.218]",0.05036,True,0.8,object,unknown,abstract lines; noisy patch,0.0,uncertain,"Independent verifier observation: 'unknown' (alternatives: ['abstract lines', 'noisy patch'])",True,teddy bear,True,False,,,2_true_removed,3_false_removed,verifier_visual_miss
p2b_0033,p2b_0033_c05,crossed arms,arms; folded arms,"[0.126, 0.472, 0.584, 0.326]",0.19038,True,0.85,object,crossed arms,arms crossed over chest,0.85,verified,Independent verifier observation: 'crossed arms' (alternatives: ['arms crossed over chest']),True,arms,True,False,,,1_true_kept_verified,4_false_kept_verified,
p2b_0033,p2b_0033_c06,vertical line pattern,railing; fence; background grid,"[0.0, 0.0006, 0.825, 0.999]",0.82417,True,0.7,geometric_shape,drawing of a crying boy,sketch of a character; anime art,0.95,rejected,"Independent verifier observation: 'drawing of a crying boy' (alternatives: ['sketch of a character', 'anime art'])",True,background lines / frame,False,False,,,2_true_removed,3_false_removed,bad_bbox_or_crop_construction
p2b_0033,p2b_0033_c07,dark side bar,border; margin; pattern bar,"[0.902, 0.0, 0.098, 1.0]",0.098,True,0.75,decorative_mark,unknown,,,uncertain,Independent verifier observation: 'unknown' (alternatives: []),True,dark chest detail / object,False,False,,,2_true_removed,3_false_removed,verifier_visual_miss
p2b_0040,p2b_0040_c00,sun,drawing of sun; orange sun,"[0.0, 0.0, 0.525, 0.556]",0.2919,True,0.95,object,sun,drawing of a sun; crayon drawing,0.95,verified,"Independent verifier observation: 'sun' (alternatives: ['drawing of a sun', 'crayon drawing'])",True,sun; sun with rays,True,True,Sun,True,1_true_kept_verified,1_true_kept_verified,
p2b_0040,p2b_0040_c01,sky scribbles,blue scribbles; crayon sky,"[0.0, 0.0, 1.0, 0.583]",0.583,True,0.91,scribble,drawing,crayon drawing; children's drawing; sketch,0.95,verified,"Independent verifier observation: 'drawing' (alternatives: ['crayon drawing', ""children's drawing"", 'sketch'])",True,blue sky / blue strokes,False,True,Sky,True,1_true_kept_verified,1_true_kept_verified,
p2b_0040,p2b_0040_c02,purple flower,drawn flower; crayon flower,"[0.582, 0.06, 0.183, 0.312]",0.0571,True,0.92,object,flower,purple flower; drawing of a flower,0.99,verified,"Independent verifier observation: 'flower' (alternatives: ['purple flower', 'drawing of a flower'])",True,flowers; tall flowers; purple girl,True,True,Flowers,True,1_true_kept_verified,1_true_kept_verified,
p2b_0040,p2b_0040_c03,pink flower,drawn flower; tall flower,"[0.755, 0.01, 0.16, 0.517]",0.08272,True,0.93,object,flower,pink flower; drawing of a flower,0.95,verified,"Independent verifier observation: 'flower' (alternatives: ['pink flower', 'drawing of a flower'])",True,flowers; tall flowers,True,True,Flowers,True,1_true_kept_verified,1_true_kept_verified,
p2b_0040,p2b_0040_c04,dark scribbled figure,black monster; dark shadow figure; creature,"[0.368, 0.27, 0.245, 0.51]",0.12495,True,0.94,object,monster,creature; shadow figure; drawing; scary figure,0.95,verified,"Independent verifier observation: 'monster' (alternatives: ['creature', 'shadow figure', 'drawing', 'scary figure'])",False,,,False,,,4_false_kept_verified,4_false_kept_verified,
p2b_0040,p2b_0040_c05,purple stick figure,purple child drawing; stick person,"[0.251, 0.496, 0.134, 0.262]",0.03511,True,0.91,object,stick figure,drawing; person; cartoon character,0.95,verified,"Independent verifier observation: 'stick figure' (alternatives: ['drawing', 'person', 'cartoon character'])",True,purple girl,True,True,Stick figures,True,1_true_kept_verified,1_true_kept_verified,
p2b_0040,p2b_0040_c06,orange stick figure,orange child drawing; small stick figure,"[0.564, 0.58, 0.118, 0.252]",0.02974,True,0.9,object,drawing of a stick figure,child's drawing of a person; cartoon character drawing,0.95,verified,"Independent verifier observation: 'drawing of a stick figure' (alternatives: [""child's drawing of a person"", 'cartoon character drawing'])",False,,,True,Stick figures,True,4_false_kept_verified,1_true_kept_verified,
p2b_0040,p2b_0040_c07,girl figure,stick figure girl; purple dress figure,"[0.661, 0.416, 0.176, 0.348]",0.06125,True,0.93,object,drawing of a girl,stick figure girl; child drawing of a person; sketch of a girl,0.98,verified,"Independent verifier observation: 'drawing of a girl' (alternatives: ['stick figure girl', 'child drawing of a person', 'sketch of a girl'])",True,purple girl,True,False,,,1_true_kept_verified,4_false_kept_verified,
p2b_0040,p2b_0040_c08,flower garden,flowers at bottom; crayon flowers,"[0.0, 0.508, 1.0, 0.492]",0.492,True,0.95,object,drawing of children in a meadow,child's crayon drawing; stick figure family drawing,0.95,verified,"Independent verifier observation: 'drawing of children in a meadow' (alternatives: [""child's crayon drawing"", 'stick figure family drawing'])",True,flowers; tall flowers,True,True,Flowers,True,1_true_kept_verified,1_true_kept_verified,
p2b_0047,p2b_0047_c00,child on the left,boy; person,"[0.082, 0.192, 0.258, 0.613]",0.15815,True,0.93,object,drawing of a person,child drawing; sketch of a person,0.95,verified,"Independent verifier observation: 'drawing of a person' (alternatives: ['child drawing', 'sketch of a person'])",False,,,False,,,4_false_kept_verified,4_false_kept_verified,
p2b_0047,p2b_0047_c01,snowman,snow figure,"[0.345, 0.32, 0.263, 0.448]",0.11782,True,0.96,object,snowman,drawing of a snowman; children's drawing of a snowman,0.99,verified,"Independent verifier observation: 'snowman' (alternatives: ['drawing of a snowman', ""children's drawing of a snowman""])",True,snowman,True,True,Snowman,True,1_true_kept_verified,1_true_kept_verified,
p2b_0047,p2b_0047_c02,child on the right,girl; person,"[0.722, 0.144, 0.24, 0.663]",0.15912,True,0.94,object,drawing of a girl,child's drawing; sketch of a person,0.95,verified,"Independent verifier observation: 'drawing of a girl' (alternatives: [""child's drawing"", 'sketch of a person'])",False,,,False,,,4_false_kept_verified,4_false_kept_verified,
p2b_0047,p2b_0047_c03,footprints,tracks; steps,"[0.07, 0.814, 0.81, 0.183]",0.14823,True,0.89,object,footprints,paw prints; tracks; shoes,0.8,verified,"Independent verifier observation: 'footprints' (alternatives: ['paw prints', 'tracks', 'shoes'])",True,footprints / dark ground marks,False,False,,,1_true_kept_verified,4_false_kept_verified,
p2b_0047,p2b_0047_c04,snowflakes,stars; snow,"[0.033, 0.024, 0.943, 0.668]",0.62992,True,0.88,symbol,drawing,child's drawing; artwork; sketch,0.95,rejected,"Independent verifier observation: 'drawing' (alternatives: [""child's drawing"", 'artwork', 'sketch'])",True,snowflake-like symbols,False,True,Snowflakes,True,2_true_removed,2_true_removed,verifier_visual_miss
p2b_0047,p2b_0047_c05,hand-drawn arc lines,snowball motion; motion lines,"[0.358, 0.233, 0.238, 0.148]",0.03522,True,0.78,abstract_mark,unknown,abstract lines; sketches,0.1,uncertain,"Independent verifier observation: 'unknown' (alternatives: ['abstract lines', 'sketches'])",True,raised hand; raised hand; ground line,False,False,,,2_true_removed,3_false_removed,verifier_visual_miss
p2b_0047,p2b_0047_c06,signature or text in corner,text; writing,"[0.38, 0.0, 0.1, 0.065]",0.0065,True,0.82,text_like,unknown,abstract; fragment,0.0,uncertain,"Independent verifier observation: 'unknown' (alternatives: ['abstract', 'fragment'])",False,,,False,,,3_false_removed,3_false_removed,
p2b_0054,p2b_0054_c00,umbrella,parasol,"[0.485, 0.1488, 0.228, 0.227]",0.05176,True,0.95,object,people with umbrella,drawing of people under umbrella; family with umbrella; persons holding umbrella,0.95,verified,"Independent verifier observation: 'people with umbrella' (alternatives: ['drawing of people under umbrella', 'family with umbrella', 'persons holding umbrella'])",True,red umbrella,True,True,Figures under umbrella; Umbrella,True,1_true_kept_verified,1_true_kept_verified,
p2b_0054,p2b_0054_c01,cloud,cumulus,"[0.063, 0.1189, 0.298, 0.156]",0.04649,True,0.96,geometric_shape,cloud,cumulus cloud; drawing of a cloud,1.0,verified,"Independent verifier observation: 'cloud' (alternatives: ['cumulus cloud', 'drawing of a cloud'])",True,clouds,True,True,Clouds,True,1_true_kept_verified,1_true_kept_verified,
p2b_0054,p2b_0054_c02,cloud,cumulus,"[0.469, 0.0141, 0.354, 0.112]",0.03965,True,0.95,geometric_shape,cloud,storm cloud; cumulus cloud,0.95,verified,"Independent verifier observation: 'cloud' (alternatives: ['storm cloud', 'cumulus cloud'])",True,clouds,True,True,Clouds,True,1_true_kept_verified,1_true_kept_verified,
p2b_0054,p2b_0054_c03,raindrops,rain; rain drops,"[0.021, 0.0201, 0.955, 0.804]",0.76782,True,0.92,symbol,drawing,sketch; artwork,1.0,rejected,"Independent verifier observation: 'drawing' (alternatives: ['sketch', 'artwork'])",True,rain / raindrops,True,True,Raindrops,True,2_true_removed,2_true_removed,verifier_visual_miss
p2b_0054,p2b_0054_c04,person,figure; child; girl,"[0.448, 0.247, 0.155, 0.292]",0.04526,True,0.95,object,person,child; girl; drawing of a person,0.95,verified,"Independent verifier observation: 'person' (alternatives: ['child', 'girl', 'drawing of a person'])",False,,,False,,,4_false_kept_verified,4_false_kept_verified,
p2b_0054,p2b_0054_c05,person,figure; child; girl,"[0.595, 0.303, 0.125, 0.262]",0.03275,True,0.95,object,person,child; girl; drawing of a person,0.95,verified,"Independent verifier observation: 'person' (alternatives: ['child', 'girl', 'drawing of a person'])",False,,,False,,,4_false_kept_verified,4_false_kept_verified,
p2b_0054,p2b_0054_c06,house,building; cottage,"[0.352, 0.461, 0.165, 0.302]",0.04983,True,0.94,object,rain,raindrops; weather,0.85,rejected,"Independent verifier observation: 'rain' (alternatives: ['raindrops', 'weather'])",True,house,True,True,House,True,2_true_removed,2_true_removed,bad_bbox_or_crop_construction
p2b_0054,p2b_0054_c07,sunflower,flower; plant,"[0.266, 0.404, 0.134, 0.312]",0.04181,True,0.92,object,flower,drooping flower; plant,0.95,verified,"Independent verifier observation: 'flower' (alternatives: ['drooping flower', 'plant'])",True,flower,False,True,Flowers,True,1_true_kept_verified,1_true_kept_verified,
p2b_0054,p2b_0054_c08,hill,mound; ground,"[0.0, 0.531, 1.0, 0.382]",0.382,True,0.93,geometric_shape,hill,landscape; ground; meadow,0.95,verified,"Independent verifier observation: 'hill' (alternatives: ['landscape', 'ground', 'meadow'])",True,grassy hill / ground,True,True,Hill,False,1_true_kept_verified,1_true_kept_verified,
p2b_0054,p2b_0054_c09,flowers,plants; blossoms,"[0.129, 0.698, 0.66, 0.202]",0.13332,True,0.9,object,flowers,drawing of flowers; botanical sketch; wildflowers,0.95,verified,"Independent verifier observation: 'flowers' (alternatives: ['drawing of flowers', 'botanical sketch', 'wildflowers'])",True,flower; flowers / plants,False,True,Flowers,True,1_true_kept_verified,1_true_kept_verified,
p2b_0061,p2b_0061_c00,stick figure,person drawing; human figure; sketch of person,"[0.293, 0.114, 0.413, 0.825]",0.34072,True,0.98,object,stick figure,drawing of a person; doodle,1.0,verified,"Independent verifier observation: 'stick figure' (alternatives: ['drawing of a person', 'doodle'])",True,stick human figure,True,True,Stick figure,True,1_true_kept_verified,1_true_kept_verified,
p2b_0061,p2b_0061_c01,head,face; circle,"[0.329, 0.114, 0.377, 0.312]",0.11762,True,0.95,geometric_shape,face,drawing of a face; smiley face,0.99,verified,"Independent verifier observation: 'face' (alternatives: ['drawing of a face', 'smiley face'])",True,head / face,True,True,Head,True,1_true_kept_verified,1_true_kept_verified,
p2b_0061,p2b_0061_c02,left eye,eye; dot,"[0.45, 0.202, 0.059, 0.048]",0.00283,True,0.9,geometric_shape,unknown,blurred circular texture; spot; blob,0.0,uncertain,"Independent verifier observation: 'unknown' (alternatives: ['blurred circular texture', 'spot', 'blob'])",True,eyes,True,True,Eyes,False,2_true_removed,2_true_removed,verifier_visual_miss
p2b_0061,p2b_0061_c03,right eye,eye; dot,"[0.556, 0.205, 0.059, 0.045]",0.00265,True,0.9,geometric_shape,unknown,,,uncertain,Independent verifier observation: 'unknown' (alternatives: []),True,eyes,True,True,Eyes,False,2_true_removed,2_true_removed,verifier_visual_miss
p2b_0061,p2b_0061_c04,mouth,open mouth; oval,"[0.421, 0.276, 0.196, 0.103]",0.02019,True,0.92,geometric_shape,mouth,oval; ellipse; shape,0.95,verified,"Independent verifier observation: 'mouth' (alternatives: ['oval', 'ellipse', 'shape'])",True,open mouth / oval mouth,True,True,Mouth,True,1_true_kept_verified,1_true_kept_verified,
p2b_0061,p2b_0061_c05,torso,body line; vertical line,"[0.451, 0.435, 0.033, 0.437]",0.01442,True,0.9,geometric_shape,line segment,stem; stroke; line,0.8,verified,"Independent verifier observation: 'line segment' (alternatives: ['stem', 'stroke', 'line'])",True,torso / body line,False,False,,,1_true_kept_verified,4_false_kept_verified,
p2b_0061,p2b_0061_c06,left arm,arm; line,"[0.293, 0.473, 0.176, 0.098]",0.01725,True,0.88,geometric_shape,arm,limb; line; stroke,0.6,verified,"Independent verifier observation: 'arm' (alternatives: ['limb', 'line', 'stroke'])",True,arms,True,True,Arms,True,1_true_kept_verified,1_true_kept_verified,
p2b_0061,p2b_0061_c07,right arm,arm; line,"[0.479, 0.423, 0.221, 0.155]",0.03426,True,0.88,geometric_shape,unknown,abstract line; stroke,0.0,uncertain,"Independent verifier observation: 'unknown' (alternatives: ['abstract line', 'stroke'])",True,arms,True,True,Arms,True,2_true_removed,2_true_removed,verifier_visual_miss
p2b_0061,p2b_0061_c08,left leg,leg; line,"[0.325, 0.817, 0.122, 0.122]",0.01488,True,0.88,geometric_shape,line segment,stroke; diagonal line; mark,0.9,verified,"Independent verifier observation: 'line segment' (alternatives: ['stroke', 'diagonal line', 'mark'])",True,legs,False,True,Legs,True,1_true_kept_verified,1_true_kept_verified,
p2b_0061,p2b_0061_c09,right leg,leg; line,"[0.484, 0.803, 0.198, 0.092]",0.01822,True,0.88,geometric_shape,unknown,line; stroke; segment,,uncertain,"Independent verifier observation: 'unknown' (alternatives: ['line', 'stroke', 'segment'])",True,legs,False,True,Legs,True,2_true_removed,2_true_removed,verifier_visual_miss
p2b_0068,p2b_0068_c00,house,building; home,"[0.238, 0.188, 0.188, 0.536]",0.10077,True,0.98,object,house,building; home,0.99,verified,"Independent verifier observation: 'house' (alternatives: ['building', 'home'])",True,house,True,True,House,True,1_true_kept_verified,1_true_kept_verified,
p2b_0068,p2b_0068_c01,tree,green tree; plant,"[0.005, 0.287, 0.182, 0.468]",0.08518,True,0.95,object,tree,drawing of a tree; plant; green oval shape with red trunk,0.95,verified,"Independent verifier observation: 'tree' (alternatives: ['drawing of a tree', 'plant', 'green oval shape with red trunk'])",True,tree,True,True,Tree,True,1_true_kept_verified,1_true_kept_verified,
p2b_0068,p2b_0068_c02,sun,shining sun; sunlight,"[0.418, 0.013, 0.236, 0.222]",0.05239,True,0.97,symbol,sun,drawing of a sun; yellow sun,0.99,verified,"Independent verifier observation: 'sun' (alternatives: ['drawing of a sun', 'yellow sun'])",True,sun,True,True,Sun,True,1_true_kept_verified,1_true_kept_verified,
p2b_0068,p2b_0068_c03,rainbow,colorful arc,"[0.522, 0.284, 0.268, 0.201]",0.05387,True,0.96,symbol,rainbow,color arcs; painted arch,0.98,verified,"Independent verifier observation: 'rainbow' (alternatives: ['color arcs', 'painted arch'])",True,rainbow,True,True,Rainbow,True,1_true_kept_verified,1_true_kept_verified,
p2b_0068,p2b_0068_c04,cloud,blue cloud,"[0.66, 0.018, 0.268, 0.245]",0.06566,True,0.94,symbol,cloud,drawing of a cloud; blue cloud,0.95,verified,"Independent verifier observation: 'cloud' (alternatives: ['drawing of a cloud', 'blue cloud'])",True,clouds,False,True,Clouds,True,1_true_kept_verified,1_true_kept_verified,
p2b_0068,p2b_0068_c05,smoke,chimney smoke; cloud of smoke,"[0.69, 0.071, 0.211, 0.178]",0.03756,True,0.91,abstract_mark,unknown,abstract shading; scribble,0.1,uncertain,"Independent verifier observation: 'unknown' (alternatives: ['abstract shading', 'scribble'])",False,,,False,,,3_false_removed,3_false_removed,
p2b_0068,p2b_0068_c06,person,man; father; boy,"[0.48, 0.493, 0.088, 0.232]",0.02042,True,0.95,object,person,drawing of a boy; stick figure; child drawing,0.95,verified,"Independent verifier observation: 'person' (alternatives: ['drawing of a boy', 'stick figure', 'child drawing'])",False,,,False,,,4_false_kept_verified,4_false_kept_verified,
p2b_0068,p2b_0068_c07,person,child; girl; daughter,"[0.582, 0.543, 0.076, 0.158]",0.01201,True,0.92,object,drawing of a little girl,child drawing; stick figure girl; hand-drawn child,0.95,verified,"Independent verifier observation: 'drawing of a little girl' (alternatives: ['child drawing', 'stick figure girl', 'hand-drawn child'])",False,,,False,,,4_false_kept_verified,4_false_kept_verified,
p2b_0068,p2b_0068_c08,person,woman; mother; girl,"[0.658, 0.509, 0.09, 0.238]",0.02142,True,0.96,object,drawing of a girl,child drawing of a person; stick figure girl; sketch of a woman,0.95,verified,"Independent verifier observation: 'drawing of a girl' (alternatives: ['child drawing of a person', 'stick figure girl', 'sketch of a woman'])",False,,,False,,,4_false_kept_verified,4_false_kept_verified,
p2b_0068,p2b_0068_c09,cat,pet; kitten; animal,"[0.778, 0.642, 0.106, 0.148]",0.01569,True,0.88,object,drawing of a cat,sketch of a cat; feline cartoon drawing; cat with a curly tail,0.8,verified,"Independent verifier observation: 'drawing of a cat' (alternatives: ['sketch of a cat', 'feline cartoon drawing', 'cat with a curly tail'])",True,cat / small animal,False,False,,,1_true_kept_verified,4_false_kept_verified,
p2b_0068,p2b_0068_c10,kite,flying kite; toy,"[0.74, 0.35, 0.217, 0.288]",0.0625,True,0.9,object,kite,string of diamonds; paper chain,0.95,verified,"Independent verifier observation: 'kite' (alternatives: ['string of diamonds', 'paper chain'])",True,kite / string of diamond shapes,False,True,Kite,True,1_true_kept_verified,1_true_kept_verified,
p2b_0068,p2b_0068_c11,ground,grass hill; field; lawn,"[0.0, 0.718, 0.992, 0.198]",0.19642,True,0.93,object,hill,grass; ground; meadow,0.95,verified,"Independent verifier observation: 'hill' (alternatives: ['grass', 'ground', 'meadow'])",False,,,False,,,4_false_kept_verified,4_false_kept_verified,
