pilot_id,person__detected,person__score,face__detected,face__score,hand__detected,hand__score,animal__detected,animal__score,house__detected,house__score,tree__detected,tree__score,heart__detected,heart__score,star__detected,star__score,circle__detected,circle__score,vehicle__detected,vehicle__score
p2b_0000,True,1.0,True,1.0,True,1.0,True,1.0,True,1.0,True,1.0,True,1.0,True,1.0,True,1.0,True,1.0
p2b_0001,True,1.0,True,1.0,True,1.0,True,1.0,True,1.0,True,1.0,True,1.0,True,1.0,True,1.0,True,1.0
p2b_0002,True,1.0,True,1.0,True,1.0,True,1.0,True,1.0,True,1.0,True,1.0,True,1.0,True,1.0,True,1.0
p2b_0003,True,1.0,True,1.0,True,1.0,True,1.0,True,1.0,True,1.0,True,1.0,True,1.0,True,1.0,True,1.0
p2b_0004,True,1.0,True,1.0,True,1.0,True,1.0,True,1.0,True,1.0,True,1.0,True,1.0,True,1.0,True,1.0
p2b_0005,True,1.0,True,1.0,True,1.0,True,1.0,True,1.0,True,1.0,True,1.0,True,1.0,True,1.0,True,1.0
p2b_0006,True,1.0,True,1.0,True,1.0,True,1.0,True,1.0,True,1.0,True,1.0,True,1.0,True,1.0,True,1.0
p2b_0007,True,1.0,True,1.0,True,1.0,True,1.0,True,1.0,True,1.0,True,1.0,True,1.0,True,1.0,True,1.0
p2b_0008,True,1.0,True,1.0,True,1.0,True,1.0,True,1.0,True,1.0,True,1.0,True,1.0,True,1.0,True,1.0
p2b_0009,True,1.0,True,1.0,True,1.0,True,1.0,True,1.0,True,1.0,True,1.0,True,1.0,True,1.0,True,1.0
p2b_0010,True,1.0,True,1.0,True,1.0,True,1.0,True,1.0,True,1.0,True,1.0,True,1.0,True,1.0,True,1.0
p2b_0011,True,1.0,True,1.0,True,1.0,True,1.0,True,1.0,True,1.0,True,1.0,True,1.0,True,1.0,True,1.0
p2b_0012,True,1.0,True,1.0,True,1.0,True,1.0,True,1.0,True,1.0,True,1.0,True,1.0,True,1.0,True,1.0
p2b_0013,True,1.0,True,1.0,True,1.0,True,1.0,True,1.0,True,1.0,True,1.0,True,1.0,True,1.0,True,1.0
p2b_0014,True,1.0,True,1.0,True,1.0,True,1.0,True,1.0,True,1.0,True,1.0,True,1.0,True,1.0,True,1.0
p2b_0015,True,1.0,True,1.0,True,1.0,True,1.0,True,1.0,True,1.0,True,1.0,True,1.0,True,1.0,True,1.0
p2b_0016,True,1.0,True,1.0,True,1.0,True,1.0,True,1.0,True,1.0,True,1.0,True,1.0,True,1.0,True,1.0
p2b_0017,True,1.0,True,1.0,True,1.0,True,1.0,True,1.0,True,1.0,True,1.0,True,1.0,True,1.0,True,1.0
p2b_0018,True,1.0,True,1.0,True,1.0,True,1.0,True,1.0,True,1.0,True,1.0,True,1.0,True,1.0,True,1.0
p2b_0019,True,1.0,True,1.0,True,1.0,True,1.0,True,1.0,True,1.0,True,1.0,True,1.0,True,1.0,True,1.0
p2b_0020,True,1.0,True,1.0,True,1.0,True,1.0,True,1.0,True,1.0,True,1.0,True,1.0,True,1.0,True,1.0
p2b_0021,True,1.0,True,1.0,True,1.0,True,1.0,True,1.0,True,1.0,True,1.0,True,1.0,True,1.0,True,1.0
p2b_0022,True,1.0,True,1.0,True,1.0,True,1.0,True,1.0,True,1.0,True,1.0,True,1.0,True,1.0,True,1.0
p2b_0023,True,1.0,True,1.0,True,1.0,True,1.0,True,1.0,True,1.0,True,1.0,True,1.0,True,1.0,True,1.0
p2b_0024,True,1.0,True,1.0,True,1.0,True,1.0,True,1.0,True,1.0,True,1.0,True,1.0,True,1.0,True,1.0
p2b_0025,True,1.0,True,1.0,True,1.0,True,1.0,True,1.0,True,1.0,True,1.0,True,1.0,True,1.0,True,1.0
p2b_0026,True,1.0,True,1.0,True,1.0,True,1.0,True,1.0,True,1.0,True,1.0,True,1.0,True,1.0,True,1.0
p2b_0027,True,1.0,True,1.0,True,1.0,True,1.0,True,1.0,True,1.0,True,1.0,True,1.0,True,1.0,True,1.0
p2b_0028,True,1.0,True,1.0,True,1.0,True,1.0,True,1.0,True,1.0,True,1.0,True,1.0,True,1.0,True,1.0
p2b_0029,True,1.0,True,1.0,True,1.0,True,1.0,True,1.0,True,1.0,True,1.0,True,1.0,True,1.0,True,1.0
p2b_0030,True,1.0,True,1.0,True,1.0,True,1.0,True,1.0,True,1.0,True,1.0,True,1.0,True,1.0,True,1.0
p2b_0031,True,1.0,True,1.0,True,1.0,True,1.0,True,1.0,True,1.0,True,1.0,True,1.0,True,1.0,True,1.0
p2b_0032,True,1.0,True,1.0,True,1.0,True,1.0,True,1.0,True,1.0,True,1.0,True,1.0,True,1.0,True,1.0
p2b_0033,True,1.0,True,1.0,True,1.0,True,1.0,True,1.0,True,1.0,True,1.0,True,1.0,True,1.0,True,1.0
p2b_0034,True,1.0,True,1.0,True,1.0,True,1.0,True,1.0,True,1.0,True,1.0,True,1.0,True,1.0,True,1.0
p2b_0035,True,1.0,True,1.0,True,1.0,True,1.0,True,1.0,True,1.0,True,1.0,True,1.0,True,1.0,True,1.0
p2b_0036,True,1.0,True,1.0,True,1.0,True,1.0,True,1.0,True,1.0,True,1.0,True,1.0,True,1.0,True,1.0
p2b_0037,True,1.0,True,1.0,True,1.0,True,1.0,True,1.0,True,1.0,True,1.0,True,1.0,True,1.0,True,1.0
p2b_0038,True,1.0,True,1.0,True,1.0,True,1.0,True,1.0,True,1.0,True,1.0,True,1.0,True,1.0,True,1.0
p2b_0039,True,1.0,True,1.0,True,1.0,True,1.0,True,1.0,True,1.0,True,1.0,True,1.0,True,1.0,True,1.0
p2b_0040,True,1.0,True,1.0,True,1.0,True,1.0,True,1.0,True,1.0,True,1.0,True,1.0,True,1.0,True,1.0
p2b_0041,True,1.0,True,1.0,True,1.0,True,1.0,True,1.0,True,1.0,True,1.0,False,0.0,True,1.0,True,1.0
p2b_0042,True,1.0,True,1.0,True,1.0,True,1.0,True,1.0,True,1.0,True,1.0,True,1.0,True,1.0,True,1.0
p2b_0043,True,1.0,True,1.0,True,1.0,True,1.0,True,1.0,True,1.0,True,1.0,True,1.0,True,1.0,True,1.0
p2b_0044,True,1.0,True,1.0,True,1.0,True,1.0,True,1.0,True,1.0,True,1.0,True,1.0,True,1.0,True,1.0
p2b_0045,True,1.0,True,1.0,True,1.0,True,1.0,True,1.0,True,1.0,True,1.0,True,1.0,True,1.0,True,1.0
p2b_0046,True,1.0,True,1.0,True,1.0,True,1.0,True,1.0,True,1.0,True,1.0,True,1.0,True,1.0,True,1.0
p2b_0047,True,1.0,True,1.0,True,1.0,True,1.0,True,1.0,True,1.0,True,1.0,True,1.0,True,1.0,True,1.0
p2b_0048,True,1.0,True,1.0,True,1.0,True,1.0,True,1.0,True,1.0,True,1.0,True,1.0,True,1.0,True,1.0
p2b_0049,True,1.0,True,1.0,True,1.0,True,1.0,True,1.0,True,1.0,True,1.0,True,1.0,True,1.0,True,1.0
p2b_0050,True,1.0,True,1.0,True,1.0,True,1.0,True,1.0,True,1.0,True,1.0,True,1.0,True,1.0,True,1.0
p2b_0051,True,1.0,True,1.0,True,1.0,True,1.0,True,1.0,True,1.0,True,1.0,True,1.0,True,1.0,True,1.0
p2b_0052,True,1.0,True,1.0,True,1.0,True,1.0,True,1.0,True,1.0,True,1.0,True,1.0,True,1.0,True,1.0
p2b_0053,True,1.0,True,1.0,True,1.0,True,1.0,True,1.0,True,1.0,True,1.0,True,1.0,True,1.0,True,1.0
p2b_0054,True,1.0,True,1.0,True,1.0,True,1.0,True,1.0,True,1.0,True,1.0,True,1.0,True,1.0,True,1.0
p2b_0055,True,1.0,True,1.0,True,1.0,True,1.0,True,1.0,True,1.0,True,1.0,True,1.0,True,1.0,True,1.0
p2b_0056,True,1.0,True,1.0,True,1.0,True,1.0,True,1.0,True,1.0,True,1.0,True,1.0,True,1.0,True,1.0
p2b_0057,True,1.0,True,1.0,True,1.0,True,1.0,True,1.0,True,1.0,True,1.0,True,1.0,True,1.0,True,1.0
p2b_0058,True,1.0,True,1.0,True,1.0,True,1.0,True,1.0,True,1.0,True,1.0,True,1.0,True,1.0,True,1.0
p2b_0059,True,1.0,True,1.0,True,1.0,True,1.0,True,1.0,True,1.0,True,1.0,True,1.0,True,1.0,True,1.0
p2b_0060,True,1.0,True,1.0,True,1.0,True,1.0,True,1.0,True,1.0,True,1.0,True,1.0,True,1.0,True,1.0
p2b_0061,True,1.0,True,1.0,True,1.0,True,1.0,True,1.0,True,1.0,True,1.0,True,1.0,True,1.0,True,1.0
p2b_0062,True,1.0,True,1.0,True,1.0,True,1.0,True,1.0,True,1.0,True,1.0,True,1.0,True,1.0,True,1.0
p2b_0063,True,1.0,True,1.0,True,1.0,True,1.0,True,1.0,True,1.0,True,1.0,True,1.0,True,1.0,True,1.0
p2b_0064,True,1.0,True,1.0,True,1.0,True,1.0,True,1.0,True,1.0,True,1.0,True,1.0,True,1.0,True,1.0
p2b_0065,True,1.0,True,1.0,True,1.0,True,1.0,True,1.0,True,1.0,True,1.0,True,1.0,True,1.0,True,1.0
p2b_0066,True,1.0,True,1.0,True,1.0,True,1.0,True,1.0,True,1.0,True,1.0,True,1.0,True,1.0,True,1.0
p2b_0067,True,1.0,True,1.0,True,1.0,True,1.0,True,1.0,True,1.0,True,1.0,True,1.0,True,1.0,True,1.0
p2b_0068,True,1.0,True,1.0,True,1.0,True,1.0,True,1.0,True,1.0,True,1.0,True,1.0,True,1.0,True,1.0
p2b_0069,True,1.0,True,1.0,True,1.0,True,1.0,True,1.0,True,1.0,True,1.0,True,1.0,True,1.0,True,1.0
p2b_0070,True,1.0,True,1.0,True,1.0,True,1.0,True,1.0,True,1.0,True,1.0,True,1.0,True,1.0,True,1.0
p2b_0071,True,1.0,True,1.0,True,1.0,True,1.0,True,1.0,True,1.0,True,1.0,True,1.0,True,1.0,True,1.0
p2b_0072,True,1.0,True,1.0,True,1.0,True,1.0,True,1.0,True,1.0,True,1.0,True,1.0,True,1.0,True,1.0
p2b_0073,True,1.0,True,1.0,True,1.0,True,1.0,True,1.0,True,1.0,True,1.0,True,1.0,True,1.0,True,1.0
p2b_0074,True,1.0,True,1.0,True,1.0,True,1.0,True,1.0,True,1.0,True,1.0,True,1.0,True,1.0,True,1.0
p2b_0075,True,1.0,True,1.0,True,1.0,True,1.0,True,1.0,True,1.0,True,1.0,True,1.0,True,1.0,True,1.0
p2b_0076,True,1.0,True,1.0,True,1.0,True,1.0,True,1.0,True,1.0,True,1.0,True,1.0,True,1.0,True,1.0
p2b_0077,True,1.0,True,1.0,True,1.0,True,1.0,True,1.0,True,1.0,True,1.0,True,1.0,True,1.0,True,1.0
p2b_0078,True,1.0,True,1.0,True,1.0,True,1.0,True,1.0,True,1.0,True,1.0,True,1.0,True,1.0,True,1.0
p2b_0079,True,1.0,True,1.0,True,1.0,True,1.0,True,1.0,True,1.0,True,1.0,True,1.0,True,1.0,True,1.0
